estimator,cutoff_year,n_train,n_test,auc,average_precision,brier,observed_rate,mean_predicted_rate
mlp,2021,2945,1243,0.5361007795919226,0.5976144895588629,0.25240224177415127,0.5599356395816573,0.5371938942915148
logit,2021,2945,1243,0.5443458572359159,0.5905250629786498,0.24998527249236532,0.5599356395816573,0.5349581847770274
