lag,acf
1,-0.1274715139760437
2,-0.07974006384986593
3,-0.07445716720674088
4,-0.13433003899866733
5,-0.1271139850685496
6,0.09729920289649813
7,0.3137630001930489
8,-0.11977531850539058
