train_cutoff,eval_year,n_train,n_test,distance_to_reference,null_q95,auc,brier
2018,2019,1167,333,0.0,1.5344304156440884,0.5279950746052441,0.25959089830697385
2019,2020,1500,639,0.3373556920068072,1.5344304156440884,0.5255892783666751,0.25621947973280346
2020,2021,2139,806,0.37619131595686794,1.5344304156440884,0.578473569163511,0.2490080954464728
2021,2022,2945,918,0.39809973346530175,1.5344304156440884,0.5159969223577078,0.2543694537939788
2022,2023,3863,325,0.49024077822406564,1.5344304156440884,0.5639297076200576,0.26043173512585965
